"organisation_name","category","suburb","postcode","state","address_line","lga","phone","public_email","website_url","contact_form_url","tags","workshop_relevance","source_url","last_verified","notes","lat","lon","website_checked","email_quality"
"Autism SA","Disability & NDIS Services","Linden Park","5065","SA","Unit 1/98 Magill Rd, City of Burnside","(08) 8379 6976","admin@autismsa.org.au","https://www.autismsa.org.au","https://www.autismsa.org.au/contact-us/","autism;NDIS;disability;support;SA","High","https://www.autismsa.org.au","2026-03-10","Peak body for autism in SA; runs programs and support groups","","","","true","valid"
"Novita","Disability & NDIS Services","Regency Park","5010","SA","461 Regency Rd, City of Port Adelaide Enfield","(08) 8269 7000","novita@novita.org.au","https://www.novita.org.au","https://www.novita.org.au/contact-us/","disability;NDIS;children;therapy;allied health","High","https://www.novita.org.au","2026-03-10","Children's disability services provider across SA","","","","true","valid"
"Can:Do Group","Disability & NDIS Services","Glenside","5065","SA","51 Pennington Tce, City of Burnside","(08) 8100 8200","info@candogroup.org.au","https://www.candogroup.org.au","https://www.candogroup.org.au/contact/","disability;hearing;vision;NDIS;inclusion","High","https://www.candogroup.org.au","2026-03-10","Supports people with sensory and physical disability","","","","true","valid"
"Uniting Communities","NGOs/Charities (family, disability, mental health)","Adelaide","5000","SA","63 Pennington Tce, City of Adelaide","(08) 8202 5134","enquiries@unitingcommunities.org","https://www.unitingcommunities.org","https://www.unitingcommunities.org/contact-us/","family;disability;mental health;community;counselling","High","https://www.unitingcommunities.org","2026-03-10","Large SA-based community services NGO","","","","true","valid"
"AnglicareSA","NGOs/Charities (family, disability, mental health)","Adelaide","5000","SA","19 King William Rd, City of Adelaide","(08) 8305 9200","enquiries@anglicaresa.com.au","https://www.anglicaresa.com.au","https://www.anglicaresa.com.au/contact/","family;disability;aged care;community;NDIS","High","https://www.anglicaresa.com.au","2026-03-10","Major SA social services provider","","","","true","valid"
"Centacare Catholic Family Services","NGOs/Charities (family, disability, mental health)","Wayville","5034","SA","45 Wakefield St, City of Unley","(08) 8215 6700","centacare@centacare.org.au","https://www.centacare.org.au","","family;counselling;disability;community;faith","High","https://www.centacare.org.au","2026-03-10","Catholic family services across SA","","","","true","valid"
"Junction Australia","NGOs/Charities (family, disability, mental health)","Prospect","5082","SA","116 Prospect Rd, City of Prospect","(08) 8269 6152","junction@junction.org.au","https://www.junction.org.au","https://www.junction.org.au/contact/","youth;family;housing;community;support","High","https://www.junction.org.au","2026-03-10","SA-based community support organisation","","","","true","valid"
"ac.care","NGOs/Charities (family, disability, mental health)","Murray Bridge","5253","SA","9 Bridge St, Rural City of Murray Bridge","(08) 8532 1702","admin@accare.org.au","https://www.accare.org.au","","family;community;rural;support;disability","High","https://www.accare.org.au","2026-03-10","Supports communities in regional SA","","","","true","valid"
"Relationships Australia SA","NGOs/Charities (family, disability, mental health)","Adelaide","5000","SA","49A Orsmond St, City of Adelaide","(08) 8223 4566","rasa@rasa.org.au","https://www.rasa.org.au","https://www.rasa.org.au/contact-us/","counselling;family;relationships;mental health;community","High","https://www.rasa.org.au","2026-03-10","Counselling and relationship support services","","","","true","valid"
"Child and Family Health Service SA (CaFHS)","Early Childhood & Family Services","Adelaide","5000","SA","295 South Tce, City of Adelaide","(08) 8161 6900","","https://www.cafhs.sa.gov.au","https://www.cafhs.sa.gov.au/contact-us/","early childhood;family;health;parenting;universal","High","https://www.cafhs.sa.gov.au","2026-03-10","SA Government child and family health service","","","","true","missing"
"Torrens University Child Development Clinic","Allied Health (OT, Speech, Psych)","Adelaide","5000","SA","88 Light Square, City of Adelaide","(08) 8113 7000","","https://www.torrens.edu.au","","allied health;OT;speech;child development;autism","High","https://www.torrens.edu.au","2026-03-10","University-based allied health clinic","","","","true","missing"
"Therapy Focus SA","Allied Health (OT, Speech, Psych)","Modbury","5092","SA","950 North East Rd, City of Tea Tree Gully","(08) 8265 1788","","https://www.therapyfocus.org.au","https://www.therapyfocus.org.au/contact-us/","OT;speech;therapy;NDIS;children","High","https://www.therapyfocus.org.au","2026-03-10","Allied health therapy services across SA","","","","true","missing"
"Disability SA","Disability & NDIS Services","Adelaide","5000","SA","Cnr Pirie and Pulteney St, City of Adelaide","(08) 8413 9000","","https://www.dhs.sa.gov.au/services/disability","","disability;NDIS;government;SA;support","High","https://www.dhs.sa.gov.au","2026-03-10","SA Government disability services","","","","true","missing"
"AbilityFirst Australia (SA)","Disability & NDIS Services","Prospect","5082","SA","58 Prospect Rd, City of Prospect","(08) 8269 3343","","https://www.abilityfirst.org.au","https://www.abilityfirst.org.au/contact/","disability;NDIS;employment;inclusion","High","https://www.abilityfirst.org.au","2026-03-10","Disability employment and support services","","","","true","missing"
"CPL - Choice Passion Life (SA)","Disability & NDIS Services","Mile End","5031","SA","4 Holloway St, City of West Torrens","(08) 8243 8700","","https://www.cpl.org.au","https://www.cpl.org.au/contact-us/","disability;NDIS;therapy;inclusion;children","High","https://www.cpl.org.au","2026-03-10","Queensland-based provider also operating in SA","","","","true","missing"
"Cara","Disability & NDIS Services","Glenelg","5045","SA","66 Jetty Rd, City of Holdfast Bay","(08) 8294 6111","info@cara.org.au","https://www.cara.org.au","https://www.cara.org.au/contact/","disability;NDIS;community;support;inclusion","High","https://www.cara.org.au","2026-03-10","SA disability support organisation","","","","true","valid"
"Aboriginal Health Council of South Australia","Aboriginal & Torres Strait Islander Services","Adelaide","5000","SA","253 Grenfell St, City of Adelaide","(08) 8273 6500","ahcsa@ahcsa.org.au","https://www.ahcsa.org.au","","Aboriginal;health;community;First Nations;SA","High","https://www.ahcsa.org.au","2026-03-10","Peak Aboriginal health body for SA","","","","true","valid"
"Nunkuwarrin Yunti of SA","Aboriginal & Torres Strait Islander Services","Adelaide","5000","SA","182 Wakefield St, City of Adelaide","(08) 8406 1600","admin@nunku.org.au","https://www.nunku.org.au","","Aboriginal;health;family;community;SA","High","https://www.nunku.org.au","2026-03-10","Aboriginal community organisation providing health and family services","","","","true","valid"
"Tauondi Inc","Aboriginal & Torres Strait Islander Services","Port Adelaide","5015","SA","3 Deacon Pl, City of Port Adelaide Enfield","(08) 8240 0999","","https://www.tauondi.com.au","https://www.tauondi.com.au/contact/","Aboriginal;education;training;community;SA","High","https://www.tauondi.com.au","2026-03-10","Aboriginal community college and services","","","","true","missing"
"Pika Wiya Health Service","Aboriginal & Torres Strait Islander Services","Port Augusta","5700","SA","5 Leitch Tce, City of Port Augusta","(08) 8641 0400","","https://www.pikawiya.org.au","","Aboriginal;health;remote;SA;community","High","https://www.pikawiya.org.au","2026-03-10","Aboriginal health service in upper Spencer Gulf region","","","","true","missing"
"Multicultural Communities Council of SA","Multicultural & Settlement Services","Hindmarsh","5007","SA","111 Rupert Ave, City of Charles Sturt","(08) 8346 9831","mccsa@mccsa.org.au","https://www.mccsa.org.au","https://www.mccsa.org.au/contact/","multicultural;settlement;community;diversity;SA","High","https://www.mccsa.org.au","2026-03-10","Peak multicultural body in SA","","","","true","valid"
"Australian Migrant Resource Centre","Multicultural & Settlement Services","Adelaide","5000","SA","49 Pennington Tce, City of Adelaide","(08) 8217 9500","amrc@amrc.org.au","https://www.amrc.org.au","https://www.amrc.org.au/contact-us","settlement;migrant;multicultural;community;support","High","https://www.amrc.org.au","2026-03-10","Settlement and support services for migrants and refugees","","","","true","valid"
"Multicultural Youth SA","Multicultural & Settlement Services","Adelaide","5000","SA","64 Pennington Tce, City of Adelaide","(08) 8231 9988","info@mysa.org.au","https://www.mysa.org.au","https://www.mysa.org.au/contact/","multicultural;youth;settlement;community;diversity","High","https://www.mysa.org.au","2026-03-10","Youth services for culturally diverse young people in SA","","","","true","valid"
"Migrant Health Service SA","Multicultural & Settlement Services","Hindmarsh","5007","SA","Level 1/111 Rupert Ave, City of Charles Sturt","(08) 8234 6660","","https://www.sahealth.sa.gov.au","","migrant;health;multicultural;settlement;SA","High","https://www.sahealth.sa.gov.au","2026-03-10","State government health service for migrants","","","","true","missing"
"Libraries SA - Adelaide City Library","Councils & Libraries","Adelaide","5000","SA","Corner North Tce and Kintore Ave, City of Adelaide","(08) 8203 7990","","https://www.adelaidecitylibraries.com.au","https://www.adelaidecitylibraries.com.au/contact-us","library;community;events;workshops;public space","High","https://www.adelaidecitylibraries.com.au","2026-03-10","Major public library in Adelaide CBD","","","","true","missing"
"State Library of South Australia","Councils & Libraries","Adelaide","5000","SA","North Tce, City of Adelaide","(08) 8207 7250","","https://www.slsa.sa.gov.au","https://www.slsa.sa.gov.au/contact","library;community;education;SA;events","Medium","https://www.slsa.sa.gov.au","2026-03-10","State-level library with community programs","","","","true","missing"
"Prospect Library","Councils & Libraries","Prospect","5082","SA","128 Prospect Rd, City of Prospect","(08) 8269 5580","","https://www.prospect.sa.gov.au/libraries","","library;community;workshops;suburb;families","High","https://www.prospect.sa.gov.au","2026-03-10","Suburban public library with community programs","","","","true","missing"
"Port Adelaide Library","Councils & Libraries","Port Adelaide","5015","SA","4 Nile St, City of Port Adelaide Enfield","(08) 8405 6600","","https://www.portenf.sa.gov.au/libraries","","library;community;family;events;suburb","High","https://www.portenf.sa.gov.au","2026-03-10","Community library in Port Adelaide","","","","true","missing"
"Marion City Library","Councils & Libraries","Oaklands Park","5046","SA","245 Sturt Rd, City of Marion","(08) 8375 6828","","https://www.marion.sa.gov.au/libraries","","library;family;community;events;workshops","High","https://www.marion.sa.gov.au","2026-03-10","Part of City of Marion library network","","","","true","missing"
"Mitcham Libraries","Councils & Libraries","Mitcham","5062","SA","131 Belair Rd, City of Mitcham","(08) 8372 8888","","https://www.mitcham.sa.gov.au/libraries","","library;community;suburban;family;events","High","https://www.mitcham.sa.gov.au","2026-03-10","City of Mitcham library service","","","","true","missing"
"Salisbury Library","Councils & Libraries","Salisbury","5108","SA","Cnr James & Gawler St, City of Salisbury","(08) 8406 8222","","https://www.salisbury.sa.gov.au/library","","library;northern suburbs;family;community;workshops","High","https://www.salisbury.sa.gov.au","2026-03-10","Library in SA's northern suburbs","","","","true","missing"
"Tea Tree Gully Library","Councils & Libraries","Modbury","5092","SA","571 Montague Rd, City of Tea Tree Gully","(08) 8397 7488","","https://www.teatreegully.sa.gov.au/libraries","","library;community;family;eastern suburbs;events","High","https://www.teatreegully.sa.gov.au","2026-03-10","Northern eastern suburbs library","","","","true","missing"
"Holdfast Bay Library","Councils & Libraries","Glenelg","5045","SA","Colley Tce, City of Holdfast Bay","(08) 8229 9999","","https://www.holdfast.sa.gov.au/libraries","","library;community;coastal;family;workshops","High","https://www.holdfast.sa.gov.au","2026-03-10","Coastal suburb library in Glenelg","","","","true","missing"
"Onkaparinga Libraries","Councils & Libraries","Noarlunga Centre","5168","SA","Corner Beach Rd and Ramsay Ave, City of Onkaparinga","(08) 8384 0666","","https://www.onkaparinga.sa.gov.au/libraries","","library;southern suburbs;family;community;events","High","https://www.onkaparinga.sa.gov.au","2026-03-10","South Adelaide library network","","","","true","missing"
"Adelaide City Council","Councils & Libraries","Adelaide","5000","SA","25 Pirie St, City of Adelaide","(08) 8203 7203","","https://www.cityofadelaide.com.au","https://www.cityofadelaide.com.au/contact-us/","council;local government;Adelaide;community;events","Medium","https://www.cityofadelaide.com.au","2026-03-10","Local government for Adelaide CBD","","","","true","missing"
"City of Salisbury","Councils & Libraries","Salisbury","5108","SA","PO Box 8, City of Salisbury","(08) 8406 8222","","https://www.salisbury.sa.gov.au","https://www.salisbury.sa.gov.au/contact-us","council;local government;northern suburbs;community","Medium","https://www.salisbury.sa.gov.au","2026-03-10","SA council serving northern metropolitan suburbs","","","","true","missing"
"City of Tea Tree Gully","Councils & Libraries","Modbury","5092","SA","571 Montague Rd, City of Tea Tree Gully","(08) 8397 7488","","https://www.teatreegully.sa.gov.au","https://www.teatreegully.sa.gov.au/contact-us","council;local government;community;northeastern suburbs","Medium","https://www.teatreegully.sa.gov.au","2026-03-10","Northeastern Adelaide metropolitan council","","","","true","missing"
"City of Onkaparinga","Councils & Libraries","Noarlunga Centre","5168","SA","Ramsay Pl, City of Onkaparinga","(08) 8384 0666","","https://www.onkaparinga.sa.gov.au","https://www.onkaparinga.sa.gov.au/contact-us","council;local government;southern suburbs;community","Medium","https://www.onkaparinga.sa.gov.au","2026-03-10","Southern metropolitan Adelaide council","","","","true","missing"
"City of Marion","Councils & Libraries","Oaklands Park","5046","SA","245 Sturt Rd, City of Marion","(08) 8375 6600","","https://www.marion.sa.gov.au","https://www.marion.sa.gov.au/contact-us","council;local government;southern Adelaide;community","Medium","https://www.marion.sa.gov.au","2026-03-10","Southern Adelaide metropolitan council","","","","true","missing"
"City of Charles Sturt","Councils & Libraries","Woodville","5011","SA","72 Woodville Rd, City of Charles Sturt","(08) 8408 1111","","https://www.charlessturt.sa.gov.au","https://www.charlessturt.sa.gov.au/contact-us","council;local government;western suburbs;community","Medium","https://www.charlessturt.sa.gov.au","2026-03-10","Western metropolitan Adelaide council","","","","true","missing"
"City of Burnside","Councils & Libraries","Glenside","5065","SA","401 Greenhill Rd, City of Burnside","(08) 8366 4200","","https://www.burnside.sa.gov.au","https://www.burnside.sa.gov.au/contact-us","council;local government;eastern suburbs;community","Medium","https://www.burnside.sa.gov.au","2026-03-10","Eastern Adelaide metropolitan council","","","","true","missing"
"City of Port Adelaide Enfield","Councils & Libraries","Port Adelaide","5015","SA","163 St Vincent St, City of Port Adelaide Enfield","(08) 8405 6600","","https://www.portenf.sa.gov.au","https://www.portenf.sa.gov.au/contact-us","council;local government;northern suburbs;community","Medium","https://www.portenf.sa.gov.au","2026-03-10","Northern Adelaide metropolitan council","","","","true","missing"
"City of Mitcham","Councils & Libraries","Mitcham","5062","SA","131 Belair Rd, City of Mitcham","(08) 8372 8888","","https://www.mitcham.sa.gov.au","https://www.mitcham.sa.gov.au/contact","council;local government;southern suburbs;community","Medium","https://www.mitcham.sa.gov.au","2026-03-10","Southern Adelaide council","","","","true","missing"
"City of Unley","Councils & Libraries","Unley","5061","SA","181 Unley Rd, City of Unley","(08) 8372 5111","","https://www.unley.sa.gov.au","https://www.unley.sa.gov.au/contact-us","council;local government;inner south;community","Medium","https://www.unley.sa.gov.au","2026-03-10","Inner southern Adelaide council","","","","true","missing"
"Northern Area Community Services (NACS)","Community Centres & Neighbourhood Houses","Elizabeth","5112","SA","5 Childress Rd, City of Playford","(08) 8255 6960","nacs@nacs.org.au","https://www.nacs.org.au","https://www.nacs.org.au/contact/","community;northern suburbs;family;support;youth","High","https://www.nacs.org.au","2026-03-10","Community services for northern Adelaide","","","","true","valid"
"Adelaide Hills Community Services","Community Centres & Neighbourhood Houses","Mount Barker","5251","SA","21 Walker St, Mount Barker District Council","(08) 8391 1008","admin@ahcs.org.au","https://www.ahcs.org.au","https://www.ahcs.org.au/contact/","community;hills;family;support;rural","High","https://www.ahcs.org.au","2026-03-10","Community services in the Adelaide Hills","","","","true","valid"
"Salisbury Community Health","Community Centres & Neighbourhood Houses","Salisbury","5108","SA","14 Elizabeth St, City of Salisbury","(08) 8182 9600","","https://www.centraladelaidelhn.sa.gov.au","","community health;northern suburbs;family;wellbeing","High","https://www.centraladelaidelhn.sa.gov.au","2026-03-10","Community health centre in Salisbury","","","","true","missing"
"Semaphore Community Centre","Community Centres & Neighbourhood Houses","Semaphore","5019","SA","27 Semaphore Rd, City of Port Adelaide Enfield","(08) 8449 3810","","https://www.semaphorecc.org.au","","community;neighbourhood house;family;programs;coastal","High","https://www.semaphorecc.org.au","2026-03-10","Neighbourhood community centre in Semaphore","","","","true","missing"
"Thebarton Community Centre","Community Centres & Neighbourhood Houses","Thebarton","5031","SA","29 South Rd, City of West Torrens","(08) 8352 4446","","https://www.thebartoncc.org.au","","community;neighbourhood;western suburbs;events;programs","High","https://www.thebartoncc.org.au","2026-03-10","Neighbourhood house in western Adelaide","","","","true","missing"
"Noarlunga Community Centre","Community Centres & Neighbourhood Houses","Noarlunga Centre","5168","SA","Ramsay Pl, City of Onkaparinga","(08) 8384 0200","","https://www.onkaparinga.sa.gov.au","","community;neighbourhood;southern Adelaide;programs;family","High","https://www.onkaparinga.sa.gov.au","2026-03-10","Community centre in southern Adelaide","","","","true","missing"
"Elizabeth Grove Community Centre","Community Centres & Neighbourhood Houses","Elizabeth Grove","5112","SA","7 Paringa Ave, City of Playford","(08) 8255 0551","","https://www.cityofplayford.sa.gov.au","","community;northern suburbs;family;programs;neighbourhood","High","https://www.cityofplayford.sa.gov.au","2026-03-10","Community centre in Elizabeth area","","","","true","missing"
"Gilles Plains Community Centre","Community Centres & Neighbourhood Houses","Gilles Plains","5086","SA","4 Montague Rd, City of Port Adelaide Enfield","(08) 8261 5677","","https://www.portenf.sa.gov.au","","community;neighbourhood;suburban;programs;family","High","https://www.portenf.sa.gov.au","2026-03-10","Community centre in northeastern suburbs","","","","true","missing"
"Holden Hill Community Centre","Community Centres & Neighbourhood Houses","Holden Hill","5088","SA","580 North East Rd, City of Tea Tree Gully","(08) 8266 7244","","https://www.teatreegully.sa.gov.au","","community;neighbourhood;suburban;programs;family","High","https://www.teatreegully.sa.gov.au","2026-03-10","Community centre in Tea Tree Gully area","","","","true","missing"
"Henley Beach Community Centre","Community Centres & Neighbourhood Houses","Henley Beach","5022","SA","2 Seaview Rd, City of Charles Sturt","(08) 8235 8100","","https://www.charlessturt.sa.gov.au","","community;neighbourhood;coastal;family;programs","High","https://www.charlessturt.sa.gov.au","2026-03-10","Community centre near Henley Beach","","","","true","missing"
"YMCA South Australia","Sport, Recreation & Inclusion Programs","Adelaide","5000","SA","136 Greenhill Rd, City of Adelaide","(08) 8232 4177","","https://www.ymcasa.org.au","https://www.ymcasa.org.au/contact/","youth;sport;recreation;inclusion;community","High","https://www.ymcasa.org.au","2026-03-10","YMCA programs across SA","","","","true","missing"
"PCYC South Australia","Sport, Recreation & Inclusion Programs","Adelaide","5000","SA","14 Hindmarsh Square, City of Adelaide","(08) 8232 5900","","https://www.pcycsa.com.au","","youth;sport;recreation;community;programs","High","https://www.pcycsa.com.au","2026-03-10","Police Citizens Youth Clubs SA","","","","true","missing"
"Inclusive Sport SA","Sport, Recreation & Inclusion Programs","Mile End","5031","SA","C/- Athletics SA - Athletics House, City of West Torrens","(08) 8231 2661","inclusivesport@sportssa.com.au","https://www.sportssa.com.au/inclusive-sport","","sport;inclusion;disability;recreation;programs","High","https://www.sportssa.com.au","2026-03-10","Inclusive sport programs for people with disability","","","","true","valid"
"Bocce SA / Sporting Wheelies (SA)","Sport, Recreation & Inclusion Programs","Norwood","5067","SA","12 Orange Ave, City of Norwood Payneham and St Peters","(08) 8364 0555","","https://www.sportingwheelies.org.au","","disability;sport;wheelchair;inclusion;recreation","High","https://www.sportingwheelies.org.au","2026-03-10","Sport for people with physical disability","","","","true","missing"
"Special Olympics SA","Sport, Recreation & Inclusion Programs","Torrensville","5031","SA","Athletics House 25 Fricker Rd, City of West Torrens","(08) 8234 0466","info@specialolympicssa.org.au","https://www.specialolympicssa.org.au","","sport;inclusion;intellectual disability;community;recreation","High","https://www.specialolympicssa.org.au","2026-03-10","Sport for people with intellectual disability","","","","true","valid"
"Northern Adelaide Local Health Network (NALHN)","Health Services & Primary Health Networks","Modbury","5092","SA","Smart Road, City of Tea Tree Gully","(08) 8182 9000","","https://www.nalhn.sa.gov.au","https://www.nalhn.sa.gov.au/contact-us","health;northern suburbs;community health;primary health","High","https://www.nalhn.sa.gov.au","2026-03-10","Health network serving northern Adelaide","","","","true","missing"
"Southern Adelaide Local Health Network (SALHN)","Health Services & Primary Health Networks","Bedford Park","5042","SA","Flinders Dr, City of Marion","(08) 8204 5000","","https://www.salhn.sa.gov.au","https://www.salhn.sa.gov.au/contact-us","health;southern suburbs;community health;primary health","High","https://www.salhn.sa.gov.au","2026-03-10","Health network serving southern Adelaide","","","","true","missing"
"Central Adelaide Local Health Network (CALHN)","Health Services & Primary Health Networks","Adelaide","5000","SA","Royal Adelaide Hospital North Tce, City of Adelaide","(08) 7074 0000","","https://www.calhn.sa.gov.au","https://www.calhn.sa.gov.au/contact-us","health;Adelaide CBD;community health;primary health","High","https://www.calhn.sa.gov.au","2026-03-10","Central Adelaide health network","","","","true","missing"
"Adelaide PHN","Health Services & Primary Health Networks","Adelaide","5000","SA","44 Pirie St, City of Adelaide","(08) 8219 5900","admin@adelaidephn.com.au","https://www.adelaidephn.com.au","https://www.adelaidephn.com.au/contact-us/","primary health;PHN;community health;GP;mental health","High","https://www.adelaidephn.com.au","2026-03-10","Adelaide Primary Health Network","","","","true","valid"
"Country SA PHN","Health Services & Primary Health Networks","Port Augusta","5700","SA","17 Jervois St, City of Port Augusta","(08) 8648 5800","info@countrysaphn.com.au","https://www.countrysaphn.com.au","https://www.countrysaphn.com.au/contact/","primary health;rural;community;SA;regional","High","https://www.countrysaphn.com.au","2026-03-10","Primary health network for country SA","","","","true","valid"
"Flinders and Upper North PHN","Health Services & Primary Health Networks","Port Augusta","5700","SA","17 Jervois St, City of Port Augusta","(08) 8648 5800","","https://www.countrysaphn.com.au","","primary health;rural;remote;community;SA","High","https://www.countrysaphn.com.au","2026-03-10","Part of Country SA PHN network","","","","true","missing"
"Headspace Adelaide","Health Services & Primary Health Networks","Adelaide","5000","SA","52 Pulteney St, City of Adelaide","(08) 8232 2423","","https://www.headspace.org.au/headspace-centres/adelaide/","https://www.headspace.org.au/headspace-centres/adelaide/get-support/","mental health;youth;young people;community;wellbeing","High","https://headspace.org.au","2026-03-10","Youth mental health service in Adelaide","","","","true","missing"
"Baptistcare SA (Baptist Care SA)","Faith-Based Community Organisations","Plympton","5038","SA","28 Coglin St, City of West Torrens","(08) 8275 6222","admin@baptistcaresa.org.au","https://www.baptistcaresa.org.au","","faith;community;family;disability;aged care","High","https://www.baptistcaresa.org.au","2026-03-10","Baptist community services in SA","","","","true","valid"
"Salvation Army SA","Faith-Based Community Organisations","Adelaide","5000","SA","215 Pirie St, City of Adelaide","(08) 8112 9500","","https://www.salvationarmy.org.au/find-us/south-australia/","","faith;community;family;support;emergency relief","High","https://www.salvationarmy.org.au","2026-03-10","Faith-based community support services","","","","true","missing"
"St Vincent de Paul Society SA","Faith-Based Community Organisations","Mile End","5031","SA","416 Sir Donald Bradman Dr, City of West Torrens","(08) 8159 1600","svdpsa@svdpsa.org.au","https://www.svdpsa.org.au","","faith;community;family;emergency relief;disability","High","https://www.svdpsa.org.au","2026-03-10","Catholic charitable organisation in SA","","","","true","valid"
"Anglicare SA (Formerly)","Faith-Based Community Organisations","Adelaide","5000","SA","19 King William Rd, City of Adelaide","(08) 8305 9200","","https://www.anglicaresa.com.au","","faith;Anglican;community;family;disability","High","https://www.anglicaresa.com.au","2026-03-10","Anglican community services (now AnglicareSA)","","","","true","missing"
"Lutheran Care","Faith-Based Community Organisations","North Adelaide","5006","SA","196 Archer St, City of Adelaide","(08) 8269 9333","info@lutherancare.org.au","https://www.lutherancare.org.au","https://www.lutherancare.org.au/contact-us/","faith;Lutheran;community;family;support","High","https://www.lutherancare.org.au","2026-03-10","Lutheran community services in SA","","","","true","valid"
"Ozcare SA","Faith-Based Community Organisations","Adelaide","5000","SA","17 King William Rd, City of Adelaide","(08) 8113 7155","","https://www.ozcare.org.au","","faith;community;aged care;disability;support","Medium","https://www.ozcare.org.au","2026-03-10","Community care across SA","","","","true","missing"
"Parent/Carer Support SA (Carers SA)","Parent/Carer Support Organisations","Hindmarsh","5007","SA","1st Floor/9 Port Rd, City of Charles Sturt","(08) 8291 5600","carers@carers-sa.com.au","https://www.carers-sa.com.au","https://www.carers-sa.com.au/contact/","carers;family;support;disability;parent","High","https://www.carers-sa.com.au","2026-03-10","Peak carer support organisation in SA","","","","true","valid"
"Down Syndrome SA","Parent/Carer Support Organisations","Parkside","5063","SA","1/234 Glen Osmond Rd, City of Burnside","(08) 8379 6711","info@downsyndromes.com.au","https://www.downsyndromes.com.au","https://www.downsyndromes.com.au/contact/","disability;Down syndrome;family;parent;support","High","https://www.downsyndromes.com.au","2026-03-10","Support for families of people with Down syndrome in SA","","","","true","valid"
"Epilepsy Action Australia (SA)","Parent/Carer Support Organisations","Norwood","5067","SA","12A Norwood Pde, City of Norwood Payneham and St Peters","(08) 8362 6677","epilepsysa@epilepsy.org.au","https://www.epilepsy.org.au","","disability;epilepsy;family;parent;support","High","https://www.epilepsy.org.au","2026-03-10","Epilepsy support for SA families","","","","true","valid"
"COTA SA (Council on the Ageing SA)","Parent/Carer Support Organisations","Hindmarsh","5007","SA","3/170 Greenhill Rd, City of Charles Sturt","(08) 8232 0422","cota@cotasa.org.au","https://www.cotasa.org.au","https://www.cotasa.org.au/contact/","ageing;carers;seniors;community;advocacy","Medium","https://www.cotasa.org.au","2026-03-10","Aged advocacy with relevance for older carers","","","","true","valid"
"SA Parent Easy Guides (Child and Youth Health)","Parent/Carer Support Organisations","Adelaide","5000","SA","295 South Tce, City of Adelaide","(08) 8161 6900","","https://www.cyh.com","","parenting;family;child health;resources;SA","High","https://www.cyh.com","2026-03-10","Parenting information service for SA families","","","","true","missing"
"Young Carers SA","Parent/Carer Support Organisations","Hindmarsh","5007","SA","1st Floor/9 Port Rd, City of Charles Sturt","(08) 8291 5600","","https://www.youngcarers.net.au","","young carers;family;support;parent;carer","High","https://www.youngcarers.net.au","2026-03-10","Support for young carers in SA","","","","true","missing"
"Youth Services SA (SA Government)","Youth Services","Adelaide","5000","SA","11 Hindmarsh Square, City of Adelaide","(08) 8124 4600","","https://www.dcsi.sa.gov.au","","youth;government;services;community;SA","High","https://www.dcsi.sa.gov.au","2026-03-10","SA Government youth services","","","","true","missing"
"Streetlink SA","Youth Services","Adelaide","5000","SA","35 King William St, City of Adelaide","(08) 8231 9883","","https://www.streetlinksa.org.au","","youth;homelessness;support;community;outreach","High","https://www.streetlinksa.org.au","2026-03-10","Youth support and homelessness services","","","","true","missing"
"Youth Affairs Council SA (YACi SA)","Youth Services","Adelaide","5000","SA","Hugo Flaus House 2 Milner St, City of Adelaide","(08) 8232 3236","admin@yacsa.com.au","https://www.yacsa.com.au","https://www.yacsa.com.au/contact/","youth;advocacy;community;young people;SA","High","https://www.yacsa.com.au","2026-03-10","Peak youth advocacy body in SA","","","","true","valid"
"Hutt St Centre","Youth Services","Adelaide","5000","SA","260 Hutt St, City of Adelaide","(08) 8418 0520","","https://www.huttstcentre.org.au","https://www.huttstcentre.org.au/contact/","youth;homelessness;community;support;outreach","High","https://www.huttstcentre.org.au","2026-03-10","Support for people experiencing homelessness in Adelaide","","","","true","missing"
"Open Door Youth Services","Youth Services","St Marys","5042","SA","95 Chandlers Hill Rd, City of Marion","(08) 8277 8811","","https://www.opendooryouthservices.org.au","","youth;community;support;southern suburbs;programs","High","https://www.opendooryouthservices.org.au","2026-03-10","Youth services in southern Adelaide","","","","true","missing"
"Whyalla Youth Services","Youth Services","Whyalla","5600","SA","4 Meldrum Ave, City of Whyalla","(08) 8645 1311","","https://www.whyalla.sa.gov.au","","youth;regional;community;support;SA","High","https://www.whyalla.sa.gov.au","2026-03-10","Youth services in Whyalla","","","","true","missing"
"Highbury/Dernancourt Community Centre","Community Centres & Neighbourhood Houses","Highbury","5089","SA","Cnr Montacute Rd and Lemon Grove Rd, City of Tea Tree Gully","(08) 8395 9200","","https://www.teatreegully.sa.gov.au","","community;neighbourhood;programs;family;suburban","High","https://www.teatreegully.sa.gov.au","2026-03-10","Suburban community centre east of Adelaide","","","","true","missing"
"Minda Inc","Disability & NDIS Services","Brighton","5048","SA","Tarlton Cres, City of Holdfast Bay","(08) 8422 6200","info@minda.com.au","https://www.minda.com.au","https://www.minda.com.au/contact-us/","disability;NDIS;accommodation;support;community","High","https://www.minda.com.au","2026-03-10","Disability services including accommodation and support","","","","true","valid"
"Life Without Barriers (SA)","Disability & NDIS Services","Wayville","5034","SA","147 Greenhill Rd, City of Unley","(08) 8272 8300","","https://www.lwb.org.au","https://www.lwb.org.au/contact-us/","disability;NDIS;out of home care;community;support","High","https://www.lwb.org.au","2026-03-10","National disability and community services organisation","","","","true","missing"
"Cerebral Palsy Australia (SA office)","Allied Health (OT, Speech, Psych)","Adelaide","5000","SA","GPO Box 1525, City of Adelaide","(08) 8243 8700","","https://www.cpa.org.au","","disability;cerebral palsy;allied health;therapy;support","High","https://www.cpa.org.au","2026-03-10","Support for people with cerebral palsy in SA","","","","true","missing"
"Speech Pathology Australia (SA Branch)","Allied Health (OT, Speech, Psych)","Adelaide","5000","SA","GPO Box 1525, City of Adelaide","(03) 9642 4899","office@speechpathologyaustralia.org.au","https://www.speechpathologyaustralia.org.au","","speech pathology;allied health;community;SA;therapy","High","https://www.speechpathologyaustralia.org.au","2026-03-10","National peak body for speech pathologists; SA branch","","","","true","valid"
"OT Australia (SA)","Allied Health (OT, Speech, Psych)","Adelaide","5000","SA","PO Box 208 Eastwood, City of Burnside","(08) 8333 4222","","https://www.otaus.com.au","","occupational therapy;allied health;community;SA;disability","High","https://www.otaus.com.au","2026-03-10","SA branch of peak OT body","","","","true","missing"
"Paediatric Occupational Therapy SA","Allied Health (OT, Speech, Psych)","St Peters","5069","SA","124 The Parade, City of Norwood Payneham and St Peters","(08) 8362 7822","","https://www.therapyforchildren.com.au","","OT;paediatric;children;therapy;NDIS","High","https://www.therapyforchildren.com.au","2026-03-10","Private paediatric OT clinic in Adelaide","","","","true","missing"
"Flinders Medical Centre Child Development Unit","Allied Health (OT, Speech, Psych)","Bedford Park","5042","SA","Flinders Dr, City of Marion","(08) 8204 5511","","https://www.flinders.edu.au","","allied health;paediatric;child development;hospital;assessment","High","https://www.flinders.edu.au","2026-03-10","Hospital-based child development assessment unit","","","","true","missing"
"WCH (Women's and Children's Hospital) SA","Allied Health (OT, Speech, Psych)","North Adelaide","5006","SA","72 King William Rd, City of Adelaide","(08) 8161 7000","","https://www.wch.sa.gov.au","","allied health;children;hospital;paediatric;SA","High","https://www.wch.sa.gov.au","2026-03-10","Major children's hospital with allied health services","","","","true","missing"
"Mpower (Mental Health Coalition SA)","Health Services & Primary Health Networks","Parkside","5063","SA","GPO Box 1047, City of Burnside","(08) 8378 4100","admin@mpower.org.au","https://www.mpower.org.au","","mental health;community;advocacy;SA;support","High","https://www.mpower.org.au","2026-03-10","SA mental health advocacy and support organisation","","","","true","valid"
"SHINE SA","Health Services & Primary Health Networks","Woodville","5011","SA","2 Stone Ave, City of Charles Sturt","(08) 8300 5300","shine@shinesa.org.au","https://www.shinesa.org.au","https://www.shinesa.org.au/contact/","sexual health;community health;education;family;SA","Medium","https://www.shinesa.org.au","2026-03-10","Sexual health and inclusive community health service","","","","true","valid"
"Drug and Alcohol Services SA (DASSA)","Health Services & Primary Health Networks","Parkside","5063","SA","161 Greenhill Rd, City of Burnside","(08) 8274 3333","","https://www.sahealth.sa.gov.au/dasc","","health;alcohol;drugs;community;SA government","Medium","https://www.sahealth.sa.gov.au","2026-03-10","SA Government drug and alcohol services","","","","true","missing"
"SA Schools Special Needs Network","Schools & Education Networks (non-school orgs)","Adelaide","5000","SA","GPO Box 1811, City of Adelaide","(08) 8226 1000","","https://www.education.sa.gov.au","","education;special needs;schools;SA;network","High","https://www.education.sa.gov.au","2026-03-10","SA Department for Education special needs network","","","","true","missing"
"SA Department for Education","Schools & Education Networks (non-school orgs)","Adelaide","5000","SA","31 Flinders St, City of Adelaide","(08) 8226 1000","","https://www.education.sa.gov.au","https://www.education.sa.gov.au/contact","education;government;schools;SA;inclusion","High","https://www.education.sa.gov.au","2026-03-10","State education department","","","","true","missing"
"Catholic Education SA","Schools & Education Networks (non-school orgs)","Adelaide","5000","SA","116 George St, City of Adelaide","(08) 8301 6600","","https://www.cesa.catholic.edu.au","https://www.cesa.catholic.edu.au/contact-us","education;Catholic;schools;SA;inclusion","High","https://www.cesa.catholic.edu.au","2026-03-10","Catholic schooling system in SA","","","","true","missing"
"Independent Schools Council of Australia (SA)","Schools & Education Networks (non-school orgs)","Adelaide","5000","SA","PO Box 939, City of Adelaide","(08) 8179 1400","","https://www.aisasa.asn.au","https://www.aisasa.asn.au/contact/","education;independent schools;SA;community;inclusion","High","https://www.aisasa.asn.au","2026-03-10","Association of independent schools in SA","","","","true","missing"
"Early Childhood Australia (SA Chapter)","Early Childhood & Family Services","Adelaide","5000","SA","PO Box 7105, City of Adelaide","(02) 6242 1800","eca@eca.org.au","https://www.eca.org.au","","early childhood;education;family;community;SA","High","https://www.eca.org.au","2026-03-10","Peak early childhood body; SA chapter","","","","true","valid"
"Child Australia (SA)","Early Childhood & Family Services","Hindmarsh","5007","SA","Level 1/9 Port Rd, City of Charles Sturt","(08) 9228 4455","","https://www.childaustralia.org.au","","early childhood;family;education;community;SA","High","https://www.childaustralia.org.au","2026-03-10","Early childhood workforce support organisation","","","","true","missing"
"KU Children's Services (SA)","Early Childhood & Family Services","Adelaide","5000","SA","PO Box 1268, City of Adelaide","(02) 9268 3500","","https://www.ku.com.au","","early childhood;family;childcare;SA;community","High","https://www.ku.com.au","2026-03-10","Not-for-profit early childhood provider","","","","true","missing"
"MacKillop Family Services (SA)","Early Childhood & Family Services","Port Augusta","5700","SA","3 Victoria Pde, City of Port Augusta","(08) 8641 0044","","https://www.mackillop.org.au","https://www.mackillop.org.au/contact-us","family;out of home care;community;trauma;early childhood","High","https://www.mackillop.org.au","2026-03-10","Family services across SA including regional areas","","","","true","missing"
"Playgroup SA","Early Childhood & Family Services","Adelaide","5000","SA","111 Henley Beach Rd, City of Charles Sturt","(08) 8354 1611","admin@playgroupsa.com.au","https://www.playgroupsa.com.au","https://www.playgroupsa.com.au/contact-us/","early childhood;playgroup;family;community;inclusion","High","https://www.playgroupsa.com.au","2026-03-10","Playgroup SA supports inclusive playgroups across the state","","","","true","valid"
"Wanslea Family Services (SA)","Early Childhood & Family Services","North Adelaide","5006","SA","GPO Box 10075, City of Adelaide","(08) 8267 4388","","https://www.wanslea.org.au","","family;early childhood;community;support;disability","High","https://www.wanslea.org.au","2026-03-10","Family support services including early childhood programs","","","","true","missing"
"Community Centres SA","Community Centres & Neighbourhood Houses","Adelaide","5000","SA","PO Box 8094, City of Adelaide","(08) 8351 8855","info@communitycentressa.org.au","https://www.communitycentressa.org.au","https://www.communitycentressa.org.au/contact-us/","community;neighbourhood house;network;SA;programs","High","https://www.communitycentressa.org.au","2026-03-10","Peak body for community centres and neighbourhood houses in SA","","","","true","valid"
"Aldinga Bay Community Centre","Community Centres & Neighbourhood Houses","Aldinga Beach","5173","SA","13 Valiant Rd, City of Onkaparinga","(08) 8556 6699","","https://www.onkaparinga.sa.gov.au","","community;neighbourhood;coastal;family;southern","High","https://www.onkaparinga.sa.gov.au","2026-03-10","Southern Adelaide coastal community centre","","","","true","missing"
"Christies Beach Community Centre","Community Centres & Neighbourhood Houses","Christies Beach","5165","SA","2 Dyson Rd, City of Onkaparinga","(08) 8382 5788","","https://www.onkaparinga.sa.gov.au","","community;neighbourhood;southern Adelaide;programs;family","High","https://www.onkaparinga.sa.gov.au","2026-03-10","Community centre in southern metropolitan Adelaide","","","","true","missing"
"Inner North Community Centre","Community Centres & Neighbourhood Houses","Ovingham","5082","SA","26 Kings Rd, City of Prospect","(08) 8269 7022","","https://www.prospect.sa.gov.au","","community;neighbourhood;inner north;programs;family","High","https://www.prospect.sa.gov.au","2026-03-10","Community centre in inner northern Adelaide","","","","true","missing"
"Hindmarsh Community Centre","Community Centres & Neighbourhood Houses","Hindmarsh","5007","SA","36 Port Rd, City of Charles Sturt","(08) 8346 6822","","https://www.charlessturt.sa.gov.au","","community;neighbourhood;western suburbs;programs;family","High","https://www.charlessturt.sa.gov.au","2026-03-10","Neighbourhood community centre in Hindmarsh","","","","true","missing"
"Nailsworth Community Centre","Community Centres & Neighbourhood Houses","Nailsworth","5083","SA","28 Coombe St, City of Prospect","(08) 8342 7177","","https://www.prospect.sa.gov.au","","community;neighbourhood;inner north;programs;family","High","https://www.prospect.sa.gov.au","2026-03-10","Community centre in Prospect area","","","","true","missing"
"RSPCA SA","NGOs/Charities (family, disability, mental health)","Lonsdale","5160","SA","16 Deacon Rd, City of Onkaparinga","(08) 8182 5000","admin@rspcasa.org.au","https://www.rspcasa.org.au","https://www.rspcasa.org.au/contact/","animal welfare;community;programs;SA;therapy animals","Low","https://www.rspcasa.org.au","2026-03-10","Animal welfare; animal-assisted therapy programs","","","","true","valid"
"Foodbank SA","NGOs/Charities (family, disability, mental health)","Pooraka","5095","SA","4 Philippe Crt, City of Salisbury","(08) 8260 7950","admin@foodbanksa.org.au","https://www.foodbanksa.org.au","https://www.foodbanksa.org.au/contact/","food security;community;family;support;SA","Medium","https://www.foodbanksa.org.au","2026-03-10","Food relief services across SA","","","","true","valid"
"Mental Health Coalition of SA","NGOs/Charities (family, disability, mental health)","Parkside","5063","SA","GPO Box 1047, City of Burnside","(08) 8378 4100","admin@mhcsa.org.au","https://www.mhcsa.org.au","https://www.mhcsa.org.au/contact/","mental health;advocacy;community;SA;NGO","High","https://www.mhcsa.org.au","2026-03-10","Peak mental health advocacy body in SA","","","","true","valid"
"Lifeline Adelaide","NGOs/Charities (family, disability, mental health)","Adelaide","5000","SA","116 Pirie St, City of Adelaide","(08) 8202 5200","","https://www.lifelineadelaide.org.au","https://www.lifelineadelaide.org.au/contact/","mental health;crisis support;community;SA;wellbeing","High","https://www.lifelineadelaide.org.au","2026-03-10","Crisis support and mental health services in SA","","","","true","missing"
"SHINE SA (community health)","NGOs/Charities (family, disability, mental health)","Woodville South","5011","SA","2 Stone Ave, City of Charles Sturt","(08) 8300 5300","","https://www.shinesa.org.au","","health;community;family;sexual health;SA","Medium","https://www.shinesa.org.au","2026-03-10","Community health NGO in SA","","","","true","missing"
"Oxfam Australia (SA)","NGOs/Charities (family, disability, mental health)","Adelaide","5000","SA","Level 1/41-43 Franklin St, City of Adelaide","(08) 8232 4500","","https://www.oxfam.org.au","","NGO;international;community;advocacy;inclusion","Low","https://www.oxfam.org.au","2026-03-10","Limited direct relevance but community engagement potential","","","","true","missing"
"ABC Radio Adelaide","Local Media & Community Promotion Channels","Adelaide","5000","SA","85 North Tce, City of Adelaide","(08) 8343 4444","","https://www.abc.net.au/radio/adelaide","","media;radio;community;SA;promotion","High","https://www.abc.net.au","2026-03-10","ABC local radio station for Adelaide - community promotion","","","","true","missing"
"InDaily","Local Media & Community Promotion Channels","Adelaide","5000","SA","53 Gawler Pl, City of Adelaide","(08) 8403 4222","","https://www.indaily.com.au","https://www.indaily.com.au/contact/","media;news;community;SA;digital","Medium","https://www.indaily.com.au","2026-03-10","Independent digital news outlet covering SA","","","","true","missing"
"The Advertiser (Adelaide)","Local Media & Community Promotion Channels","Adelaide","5000","SA","31 Waymouth St, City of Adelaide","(08) 8206 2000","","https://www.adelaidenow.com.au","","media;newspaper;SA;community;promotion","Medium","https://www.adelaidenow.com.au","2026-03-10","Major SA newspaper - community section useful for promotion","","","","true","missing"
"City of Adelaide Community Magazine","Local Media & Community Promotion Channels","Adelaide","5000","SA","25 Pirie St, City of Adelaide","(08) 8203 7203","","https://www.cityofadelaide.com.au","","media;community;council;newsletter;promotion","Medium","https://www.cityofadelaide.com.au","2026-03-10","Council community newsletter for Adelaide CBD","","","","true","missing"
"SA Life Magazine","Local Media & Community Promotion Channels","Adelaide","5000","SA","54 Waymouth St, City of Adelaide","(08) 8212 1010","","https://www.salife.com.au","https://www.salife.com.au/contact/","media;lifestyle;community;SA;promotion","Medium","https://www.salife.com.au","2026-03-10","SA lifestyle publication - community events promotion","","","","true","missing"
"Glam Adelaide","Local Media & Community Promotion Channels","Adelaide","5000","SA","PO Box 3222, City of Adelaide","","info@glamadelaide.com.au","https://www.glamadelaide.com.au","https://www.glamadelaide.com.au/contact/","media;community;events;SA;promotion","Medium","https://www.glamadelaide.com.au","2026-03-10","Digital lifestyle and events guide for Adelaide","","","","true","valid"
